{
    "uvs":[[0.333533,0.0002,0.666467,0.0002,0.666467,0.333134,0.333533,0.333134,0.0002,0.666467,0.0002,0.333533,0.333134,0.333533,0.333134,0.666467,0.666467,0.9998,0.333533,0.9998,0.333533,0.666866,0.666467,0.666866,0.333134,0.333134,0.0002,0.333134,0.0002,0.0002,0.333134,0.0002,0.0002,0.9998,0.0002,0.666866,0.333134,0.666866,0.333134,0.9998,0.9998,0.0002,0.9998,0.333134,0.666866,0.333134,0.666866,0.0002]],
    "faces":[43,2,0,1,3,0,2,3,0,1,0,0,0,0,43,3,7,6,2,0,4,5,6,7,1,1,1,1,43,7,5,4,6,0,8,9,10,11,2,2,2,2,43,0,4,5,1,0,14,15,12,13,3,3,3,3,43,0,2,6,4,0,16,17,18,19,4,4,4,4,43,5,7,3,1,0,20,21,22,23,5,5,5,5],
    "metadata":{
        "materials":1,
        "normals":6,
        "type":"Geometry",
        "uvs":1,
        "faces":6,
        "generator":"io_three",
        "vertices":8,
        "version":3
    },
    "normals":[-1,0,0,0,-1,0,1,0,0,0,1,-0,0,0,1,0,-0.447214,-0.894427],
    "name":"\u7acb\u65b9\u4f53Geometry.2",
    "materials":[{
        "visible":true,
        "colorDiffuse":[0.64,0.64,0.64],
        "DbgName":"\u30de\u30c6\u30ea\u30a2\u30eb.003",
        "mapDiffuseRepeat":[1,1],
        "wireframe":false,
        "colorEmissive":[0,0,0],
        "transparent":false,
        "depthWrite":true,
        "mapDiffuseWrap":["RepeatWrapping","RepeatWrapping"],
        "specularCoef":50,
        "mapDiffuse":"road.png",
        "opacity":1,
        "blending":"NormalBlending",
        "DbgColor":15658734,
        "DbgIndex":0,
        "colorSpecular":[0.5,0.5,0.5],
        "mapDiffuseAnisotropy":1,
        "shading":"phong",
        "depthTest":true
    }],
    "vertices":[-0.5,-0.5,0.5,-0.5,1,0.5,-0.5,-0.5,-0.5,-0.5,0.5,-0.5,0.5,-0.5,0.5,0.5,1,0.5,0.5,-0.5,-0.5,0.5,0.5,-0.5]
}